7.01781067,11.12738921,1.91480512,9.10916199
8.18873125,2.313709457,1.25848729,2.066081262
5.504668966,11.30399041,15.16471491,3.001324777
8.748753149,2.67601981,4.795353636,7.638787995
8.939263391,26.64585428,1.486594696,5.124698111
6.44524421,3.143973657,5.117807607,10.48536346
7.725781089,7.117637962,4.563450968,7.249771054
8.964349688,25.0011316,34.52669994,5.434899163
7.880537587,3.156711077,0.844957387,6.338413662
6.745715282,6.494483266,3.734626622,4.682488499
5.122035276,8.169556643,37.61065556,4.275476011
6.284461029,13.74198944,0.299657763,4.456281251
9.019792567,5.076193106,6.078400043,13.97453039
9.884792075,4.479962063,26.3364741,13.51834594
7.437974947,13.80319343,9.076463555,10.72768705
5.970100305,12.52999473,6.115452498,17.90276999
9.740149808,11.15210945,12.18147632,3.739299784
8.483326496,14.47123902,15.13336668,4.888086345
6.47872549,12.22871417,3.152815174,7.514291754
7.980283613,22.51357255,72.62631219,5.589540699
7.804112378,1.508875632,6.079035763,4.951515439
9.999545469,13.86852287,1.288215331,12.72119865
5.947531106,7.709057711,5.931039063,7.606220157
5.282673253,26.29079035,4.293124566,4.286806882
7.800080958,6.618559453,7.163342818,4.067204446
5.976378215,0.597486808,2.212897016,19.95726341
5.10205356,0.420832687,0.178269304,15.30449905
9.320857812,1.599995169,14.22004279,2.351357242
9.351258186,3.901111414,3.437421091,8.518138593
7.887939771,12.30033777,6.485733404,0.197954978
5.898062164,17.4217122,1.176170503,1.505889993
7.606423353,1.054378474,3.855728297,5.149838744
6.24842185,18.30399347,0.945330385,2.037051677
7.151568859,17.71626258,6.068894249,1.433423665
6.824446875,11.30902768,1.748839443,15.77251286
8.091978942,3.46009624,1.930566075,15.85686744
8.124461369,5.528340726,0.893394109,5.766714223
8.31147175,1.987804199,5.375777985,9.10113274
8.786190267,0.619816739,8.03635407,5.453725848
7.005867228,11.59012263,1.141395591,21.71668074
6.842480176,25.61482681,1.245622999,17.82019382
5.484875177,3.470267771,2.0910608,10.61236049
6.073058661,15.9943125,0.134647094,19.36645622
5.046227492,2.107090852,0.030842305,5.512571395
5.047715032,15.37955295,13.98936482,2.991720978
8.320850194,7.99180317,3.235983117,1.573755542
7.341229776,7.346992418,10.57666236,3.130791957
5.28704257,5.022385431,1.571510159,9.254859268
7.943668344,5.747084912,1.783785409,12.29686758
9.035617985,0.779872868,4.231152048,3.305212403
7.569051168,4.731753244,18.38257651,11.62094561
8.846852464,0.131970394,4.1852516,2.69487446
9.226390012,2.690180402,0.622800725,14.83409581
7.301312047,2.870480404,4.357676573,4.259769525
7.723517461,14.62439002,1.44385368,1.540991226
5.028441791,3.729669634,0.117755576,2.671678359
7.556946174,0.804100638,26.0684928,9.547306769
5.434550379,6.4334758,10.87756024,12.24243796
5.716250726,0.469113204,2.293264981,5.324529879
6.654380643,16.74203717,6.014814093,8.642522905
9.505710932,26.11870475,1.450090957,6.131067454
5.951020738,1.820679644,7.600967118,15.52400009
9.611406379,3.582938712,0.579412851,3.658667548
6.077520317,2.694161846,8.345739416,6.077785535
5.727191162,6.053187806,2.780170107,15.41303766
7.987604274,8.204856599,16.23266784,3.359920549
5.04916558,6.218746036,101.072758,8.686369369
7.597944354,1.82115998,7.41980454,17.02657133
9.710414426,3.305780454,2.38385021,7.591808887
5.667320466,5.208154577,0.000384311,6.925080762
7.75485113,6.327971574,21.64230943,3.7251778
6.165215333,13.72847146,9.254934803,9.747808211
8.917210416,10.91464944,9.423621234,2.737928064
7.625628287,2.333358892,6.276558205,11.08281665
5.459504525,4.415360643,6.327923346,14.41339126
9.523634613,9.059842715,14.09638597,8.112915735
6.851481046,5.264856585,0.629769005,9.84978463
6.519751073,11.62321786,1.362152117,5.490768033
7.917048206,18.17109064,9.314952046,1.748245953
6.83773829,2.179766199,1.136142178,18.98588298
8.247446465,10.80547445,18.4687379,7.353760341
8.061177029,8.665524112,12.96251389,38.35524737
5.026503472,4.622802313,2.884566525,20.027696
5.997338988,3.998964815,4.048140637,24.24372018
5.60266874,8.393739189,2.196078798,5.110757416
6.7046434,17.84661878,1.091880906,4.123091136
8.006834396,2.467615069,9.673808621,3.716676734
5.27312552,18.23822558,3.502125806,6.494726348
9.413067116,20.12156298,1.484247859,3.064509797
6.423875322,0.273418621,6.018095686,16.04531957
6.348052812,2.328305708,0.670864119,2.386955167
5.492741338,15.94800329,4.354627887,11.37402645
5.365417994,5.858390929,0.609304059,9.162150026
5.397948285,0.75033552,32.8355554,1.393523049
9.063403582,8.106293872,1.138924165,4.238523199
7.912186191,4.056293327,10.79000623,2.077994355
5.053438567,9.531585112,6.816372838,19.77268523
5.853695634,6.515442641,0.656366685,3.769327701
9.102306886,0.848840724,11.32299931,9.668113571
8.207968407,1.958201863,0.927800865,5.573079741
9.253368841,5.678545707,22.37348864,13.54931044
8.250926496,8.604645432,3.12311532,14.71087587
9.93712463,25.466569,0.193289056,2.473393875
5.078963014,8.719380284,4.156193838,11.27167141
8.766014125,8.520585608,2.526528769,10.73212349
8.479280072,4.990693536,0.860999323,9.598262903
5.595413154,7.672902657,2.82481606,22.37826024
9.322963608,0.64730743,15.6307389,4.846117843
7.956032168,7.710652191,10.58239211,6.333893056
6.621195216,0.344481317,13.65361493,8.057343888
9.476934475,0.270503316,9.399712675,1.937557471
5.256372257,5.758809113,2.197782736,9.481235541
8.066267813,8.998534413,21.92491859,5.729580307
9.134416702,5.2149065,3.184313076,2.920328379
9.877168216,0.395814574,26.32182314,2.96570501
6.890494734,0.547311776,0.428830248,5.027920176
5.612963003,3.759033,12.93375112,3.158996834
5.807206253,4.041669246,5.445990399,9.412326393
7.205224145,3.835808475,4.519730593,2.262973525
8.93649356,18.67307054,3.267087521,7.100320286
7.749608851,0.171248162,1.388940634,13.2156722
6.70252359,0.228767618,0.253393764,15.96091186
9.39024949,0.088467946,5.021401682,1.447027537
6.198850885,2.808582693,3.006858594,14.99666878
8.236882072,6.026739718,3.262199885,10.59173877
8.120435151,1.260848595,22.43840131,4.283549436
7.674284821,4.580289509,1.713230874,2.664651766
5.356528577,9.864547229,0.611752031,1.662075447
5.40578799,5.747827371,0.051048209,5.836495255
5.102877115,10.35196547,3.105235063,3.181906708
5.920730613,1.153803526,3.585426443,8.543292633
9.89954717,1.017972631,2.655180244,1.616907317
7.00838858,3.447179963,3.293120283,1.610693884
5.539839419,0.487321945,17.01660264,18.61056375
8.5933755,3.051657359,20.74059952,11.54033665
7.692605525,4.266396291,0.579085668,5.138081551
7.843489953,3.926031234,4.836406799,2.963007343
5.556619433,3.49589342,0.220176441,10.39127976
7.345483258,8.363938307,14.0184427,5.09422281
5.706329435,3.449114078,5.093663483,3.08461929
9.890604003,11.65607147,2.989969462,9.367193392
9.936264197,2.321718205,0.10987355,6.217205401
8.520071724,9.171543003,3.668918368,2.241169897
5.115031128,0.400919987,5.462018863,8.56269905
6.879263805,1.072258381,13.04187926,12.42539825
9.150790897,1.572961879,1.535328103,9.548934951
9.157833291,0.795598068,3.287967661,7.985700083
7.981557378,3.943550754,0.764084263,14.67858517
9.710676023,0.525316821,1.320489069,11.99976556
7.729565044,2.64616281,0.545363761,19.57317885
6.533685315,19.14337612,7.307052235,9.744784217
8.833807438,2.686749611,3.259503191,11.40222823
5.974545226,28.61164996,2.15486976,2.247741206
7.846441074,9.401300687,2.111284881,4.265446137
9.131082927,3.79939671,2.682439871,7.103713394
6.429895979,3.175912758,0.374395153,1.612482434
9.132320142,1.668350657,17.4821245,3.842731365
7.720137014,4.443292232,2.553786736,5.099044173
6.814756388,2.315186167,11.93630765,25.83560045
7.653556544,19.11775207,2.842409793,2.626538281
5.579762054,5.99960721,2.996592734,0.451184251
6.112122882,31.87287546,9.085436902,8.572420021
9.456899228,10.99911673,10.80644562,1.434594897
5.065040676,0.046689645,0.013303157,0.996062755
7.535267931,2.790893843,2.329092526,1.043104598
9.689008092,2.824026391,4.125372321,2.853979182
7.104276941,0.481253221,6.492156845,7.47045231
9.952269404,22.36024593,1.273342849,9.219206942
6.165545453,12.13899465,14.52581695,15.16568252
7.524583262,3.112779257,0.240825079,13.74919988
8.130505964,9.821335162,0.519517909,15.33065881
8.853971214,19.25630096,5.169467816,2.253506303
6.807558159,22.57092899,1.222437853,3.333901409
5.710290496,10.23400083,0.851125379,6.987313981
9.079180047,8.222493931,6.030499806,18.15108763
9.83179393,11.8801071,2.053626982,8.387985947
9.583463086,0.765437525,6.470960782,11.48751454
6.16990205,1.216312181,4.265921043,8.78321223
6.304676407,0.513606181,10.24930652,3.619501512
6.218097236,6.359453955,0.459840861,2.584721065
5.066375089,1.832317981,1.165786929,10.13501435
6.634987743,3.454179539,1.245104199,0.941422357
5.867971737,10.60793047,3.64411143,3.306636382
9.290344315,14.3513611,8.017482298,2.011473791
8.559936114,0.214445234,0.578300813,5.296090994
6.491482781,0.687694187,5.309590281,7.632408778
5.796275298,0.137997167,9.188628537,1.167231016
9.617726641,8.032420645,5.545343098,5.932085905
9.250770221,4.267576088,29.36707861,9.344045203
9.995619646,1.371137465,0.044047449,10.17700989
6.80402422,0.740937042,1.245263221,6.879366878
9.411308601,12.04046435,6.246473519,5.845428173
5.89449222,17.84479355,12.14060341,11.77989111
9.656561778,4.667540161,1.201085363,8.808477832
9.709173576,21.53848225,6.764785947,4.890621922
5.063003429,1.116040189,2.129899202,1.228868477
7.828332007,1.725964075,0.13117554,6.900691123
5.248537406,4.817136604,4.932648902,0.482989724
5.757112074,19.21895213,5.393159987,3.04620485
7.963454036,0.258215847,3.488123446,1.650003099
5.493540463,2.339735767,2.838778184,2.486247029
8.318188064,5.524346393,4.368184832,4.950689837
9.213840342,2.895527795,11.32280371,11.05268187
7.869632025,6.504961135,8.894498825,4.744859559
7.96374553,7.076289926,2.277723823,5.363502551
8.935898842,8.915635544,3.480141518,1.000497663
9.561121415,10.04042016,4.381396831,3.814986396
5.149286622,1.411466167,7.442800048,4.27346621
6.643417546,2.136961042,7.66850577,3.090083221
7.796646028,9.254838115,24.15169671,7.582512566
7.178573396,10.1474253,6.017508991,6.442966249
5.799072188,2.093338377,9.982107358,5.018041283
6.20343119,6.266346865,5.175105788,3.500035897
7.860723994,3.483682982,4.063107501,1.330095733
8.958738493,0.353164945,4.512320635,1.358834488
7.432819443,5.223831151,0.236576907,13.80740646
9.559271616,6.094099079,17.63846768,2.966356016
9.805838102,6.611734476,2.424466922,4.956434871
6.453537089,4.013825678,7.58055493,9.697670903
8.157144947,28.15405121,3.23781448,10.84597227
9.823720645,4.068793623,10.36904997,9.288802097
5.977276945,5.586874192,7.275349823,6.608046911
9.422757622,30.59681164,2.894175232,13.22256581
9.468582239,3.126416342,15.46046324,5.790797859
7.875466408,1.095921507,3.404944144,16.35571807
7.948193049,2.398973739,1.361387587,3.872095667
6.459888795,9.203490519,8.501055983,4.218227178
8.96272413,22.58993872,2.028030235,9.825758885
5.670376861,4.312825884,1.578694776,4.338730372
8.551535015,1.387279015,1.143602427,1.285975059
9.702266641,1.328558068,13.65483917,6.519910995
7.858243958,2.427878497,0.070599983,3.994127279
7.293706009,3.964329169,0.739522944,4.536258619
9.924327889,5.495720943,13.14267518,3.045397891
5.129830991,8.565151953,2.70463626,11.74908477
5.29434451,7.018145848,7.981726255,8.859560676
7.959120472,0.750293091,16.50038998,13.17196579
5.214943545,0.846913281,43.55400554,1.790072479
6.055202489,4.154253608,16.68822627,4.900238757
7.88309954,2.372531775,9.423392691,31.36081623
8.562385717,25.77935388,1.517526188,3.47835393
8.875338854,4.135693613,0.810990958,14.53095563
6.731743913,10.69265544,1.700572253,7.636812865
6.005364469,15.72716402,0.111035853,0.433859484
5.36890103,1.298965726,1.314952339,11.66899923
8.735636931,1.179491908,10.23739198,22.24087875
6.892921092,0.661823715,39.23775791,9.850674073
6.785288066,7.51406657,8.696662555,13.5882002
8.908859657,12.5440001,2.435040447,5.988282808
5.770531796,15.38824048,14.57440689,4.519036124
5.204271678,14.44081402,2.228352625,4.592255855
7.25824326,11.16882757,0.623457154,0.262138076
8.8282929,19.84269965,2.499834141,7.263796449
7.284793798,12.99824767,2.225535352,10.53280846
9.816370529,2.885150089,19.01904965,4.047772939
6.246126122,15.57689311,24.47226942,2.130250249
7.531856851,19.58075362,18.7158627,4.40300828
8.180516727,0.242704162,3.441295258,1.05775224
5.268299957,2.694676833,1.290697493,1.841985537
9.273262586,3.265717195,7.670184071,3.131799278
9.259951572,3.578216591,5.2085623,4.115359527
6.700979304,6.852806282,6.265703436,21.31645292
6.399690123,15.32172977,2.595749248,6.820780022
5.219202933,11.56085035,7.40178551,0.157996768
6.994918194,0.218228212,1.503137729,4.011289964
5.031921547,1.596191871,4.140227582,1.792640339
5.529554088,2.160977046,1.320727353,5.908949356
9.446437873,4.703588127,2.064489502,23.33269942
6.997214488,3.214059926,3.677742073,5.702007229
7.783414471,4.818938147,3.559448788,3.386984416
5.496463251,37.67334489,0.82597838,2.975283119
6.96600511,5.8334304,6.418867048,5.704269417
9.78611045,8.239355067,8.301251526,3.513975481
9.655616661,0.709179351,8.30055983,1.765993616
6.803884034,7.643323791,5.149911803,2.493055523
9.772191084,1.376291907,7.198270941,14.19370889
7.694881152,2.120544022,12.33562275,7.482685124
9.054540898,2.577431157,9.783284695,6.312424884
6.546866402,2.872964696,5.8020803,16.19744562
7.722605682,1.990978002,0.172197524,11.74850065
7.3092622,5.770834593,4.330662462,2.500480652
6.88587871,1.759940009,1.995673302,8.29747613
8.79126998,14.81050716,3.775430814,6.389779443
9.449917369,2.214183053,1.840530953,6.51947866
9.989166244,2.679470849,2.796774847,18.90633491
5.538950337,13.29219749,1.420168439,3.175408372
8.484447468,3.714382232,0.20351544,10.04507216
6.34951949,3.421896379,0.319397035,6.90053315
8.305120285,0.846254591,2.395444168,4.508093452
5.823418666,19.44716603,15.23942755,17.44401928
6.305866855,15.11065733,2.441242433,2.712680064
6.237110349,6.93084032,2.533191425,7.746337799
8.172147767,1.486218999,6.29523769,2.050974431
6.478901336,8.009465589,16.0850756,0.212649038
6.913822912,15.67061872,7.068661352,6.234208384
5.654189167,2.240331665,6.762856097,9.023694386
7.715838912,1.223677073,0.885443454,4.882934636
8.850160926,7.107184831,0.04617433,5.345874291
8.078532778,1.381766506,3.629345443,9.085444736
6.500227448,0.927637558,17.9621244,18.04438534
6.936603768,0.089335953,25.62643835,12.82218862
9.184551699,2.750945555,0.494534413,16.0490325
7.929260889,24.55501738,0.30742667,2.987774707
6.50144733,2.141860391,0.050090003,9.257258914
9.837783141,0.918786279,9.24917787,7.569163095
5.617729833,10.69765319,0.102514396,3.912698129
5.758791375,14.01965271,8.584062705,3.125227312
7.699725079,9.653934602,0.726082187,14.0169641
5.118875202,2.456263504,0.789311321,7.353816072
9.487444767,1.048391232,2.065050384,16.13772717
8.251293984,22.0392422,0.695498636,1.767108159
7.208071911,3.388414579,0.755104452,13.27158221
8.39770087,8.580973945,5.135832401,30.64825993
9.829041536,6.729288277,9.233176528,12.18529792
7.164230726,0.300997049,66.08572526,5.476472611
6.136954213,10.7749385,45.66623453,10.32177982
7.30387438,11.07332828,16.27415128,3.183510702
5.95721987,3.220613289,6.02229398,7.57597089
7.295403835,1.002072203,3.499529367,13.77641095
9.635001439,6.967772558,1.865183744,8.292592769
5.201648873,17.52132105,0.066742036,13.97334194
5.674949984,2.267036924,4.27680321,16.51276309
5.173855196,17.88112105,5.368051428,7.430195524
7.174551263,17.98048224,7.393959857,13.65595897
7.838315078,0.974937873,7.688961229,10.24842463
9.736887711,6.006583155,1.101874787,16.3053215
9.413359334,10.68531544,19.49618837,4.18728234
9.865510906,9.863697752,10.45942344,22.11974229
7.14181456,1.238944691,5.191894063,6.262483941
9.647207629,7.178015676,4.920330125,2.656641758
5.386276441,37.19276174,2.722015975,5.791213287
6.86308432,11.38918389,13.93419495,2.851107615
5.882537603,0.896901035,2.952033041,20.92940085
9.977287671,5.711399874,1.116229408,18.83148044
9.19790312,9.490884198,1.505769375,26.1118626
7.949363445,4.364501031,59.33742371,1.45683004
6.846607427,7.110142727,8.182775027,7.557846657
9.076850999,1.10919663,1.00012152,3.022219243
8.33862073,1.376483921,2.577628453,5.106993016
6.28726275,19.18730082,5.620897606,7.666505049
8.175541036,7.074746581,0.013865228,9.644609727
6.209397328,0.749578994,7.548156882,12.31349053
6.890919994,34.04739937,0.566356477,5.537945428
9.064565691,0.919272111,1.130159917,6.513526942
8.874849548,2.93917929,2.206550831,8.331348522
8.556334434,7.292502395,12.97001146,13.55286074
8.969736853,10.28773298,30.06164323,7.352686926
6.80300508,7.121627266,0.901653206,0.60269541
8.020140003,5.682159609,1.687778943,1.123148145
8.45282533,3.555800947,2.327214718,5.701423215
8.573737109,21.332566,28.04142602,5.545896901
7.503356694,4.694314578,8.000022526,9.64192406
9.52337051,2.009472194,5.786672288,4.647174003
9.555182267,2.33185051,1.608161692,2.257139253
7.398820502,0.490623615,5.112228444,25.52805904
5.418917471,11.37414815,16.96989065,0.950113377
7.581952917,2.620537341,3.604922472,8.6048769
8.552081729,0.170198625,2.30880295,0.684798732
7.799279711,11.49845225,1.85396292,5.130221723
5.623795217,2.881518858,4.369461577,3.605243319
7.165966357,46.85158453,3.080033193,3.47052591
5.91664148,3.639904148,0.053030898,4.658220175
7.204902933,0.80229937,3.119508754,0.664735865
7.095957533,29.56675948,3.181219834,1.230766745
9.843378948,12.824563,7.108261733,6.268551689
5.95711568,10.90207182,6.352829562,16.65437267
7.831176494,0.217505814,19.70511138,8.13461139
7.527644198,5.366452723,0.498420725,7.460721984
6.544666155,8.82032325,9.468786634,7.962229609
6.35313344,5.546540678,9.664485741,8.811594011
9.93868913,1.85583418,7.877681821,9.424819852
5.357119918,8.445339957,1.847184874,8.587645147
9.009964877,2.856101974,0.167638043,1.658527145
6.545603475,2.97189695,56.06151577,19.79174998
6.511365909,3.04559077,1.513320247,24.23050426
8.503234743,3.45813679,25.38917165,5.604859633
6.788662619,11.36618572,2.813616406,7.873696903
9.508137041,2.443060701,8.271259736,14.92758846
8.347755007,3.876745883,6.247492392,5.861145741
6.671915518,5.240459953,2.84271392,4.606120792
9.883454513,4.374809153,1.035400093,5.475860036
6.303397508,11.68653806,18.81027419,1.460873769
5.919265077,1.89316902,5.067770756,1.481965563
8.114744223,5.306158574,0.80535975,11.47394585
8.921565881,1.244184539,1.032482034,0.963521412
9.303723616,4.787381439,79.10201806,14.26583487
9.122651126,9.770060143,0.84392875,7.000113726
8.701556792,2.914396968,10.10997049,5.354606985
9.632716219,0.211240628,9.815559525,14.39316993
6.147902785,16.20562953,3.827143945,9.433815059
8.686760299,6.710269482,19.99486258,8.378544396
8.313868776,2.599224383,1.72691238,5.820905501
6.543311806,13.77202306,0.556834325,7.157912988
9.415106009,20.67004845,3.898834086,1.915931903
8.10000816,1.472154444,3.479517125,10.94043163
7.432776566,6.949975723,4.848045561,9.273661386
5.737819376,8.977314417,1.01757596,9.115856494
9.107828189,3.606371014,1.28469145,12.79405055
8.036700118,3.047458258,2.203164856,6.340592643
9.859393133,31.04390041,7.26047915,9.291360043
6.816044894,3.293247081,2.217353287,7.430779699
6.381591639,1.787966434,3.12359292,2.689050202
6.81961199,4.153434614,37.60401623,4.962860295
8.694188265,0.676448614,8.141173099,1.957686021
8.160974973,11.10570598,7.471076323,1.431293903
5.248650478,11.74116709,0.528902869,7.100110828
7.584669974,4.887251743,9.150232903,11.62563311
9.884637251,0.745396523,2.030759511,8.320096656
9.755992447,0.77416846,9.789581979,10.38058627
5.471073766,11.41138981,66.3537777,7.390514974
5.724125004,3.023442779,0.573654256,5.610923246
8.943457529,6.564261611,10.84382467,4.199910215
6.812209463,7.104885006,1.702056092,0.497112854
6.540835143,5.615097125,20.71857701,10.01135566
6.807764442,2.063048075,2.511203174,4.696102862
5.754455222,9.087714693,1.831359092,2.045184882
8.357123392,2.652434698,0.95497747,6.634959838
7.200121465,4.307802525,9.71420744,11.0099264
8.732490845,0.887695761,5.155706232,5.983748586
6.051475811,2.963071642,10.18540118,2.325645177
7.590479978,3.694458187,22.74114557,6.989379615
5.750231328,4.192007185,0.721554314,4.845203755
7.598008665,2.449145183,2.681301286,9.451418677
9.186005166,0.461738389,0.13669108,13.65007989
7.598786297,19.45199279,3.236828397,4.931101484
9.038293394,1.377103009,4.605882825,6.498824603
5.69159132,5.929696586,5.258655948,18.01737342
7.890210314,3.5844284,2.199997081,3.725910891
8.413079298,2.358732248,19.20896202,11.16228226
5.866816683,12.28793235,6.042595691,2.829080314
7.557768486,0.973381947,1.230295773,16.85117581
8.66614576,19.22768336,0.324384732,30.3030695
8.692020386,29.63431387,2.365350416,7.866679737
9.007268356,11.50717573,3.41588713,4.907192645
5.098179828,5.820548385,1.338418925,5.02889713
7.044539379,8.15527772,3.339253358,4.632189883
5.516257724,14.79395193,3.203097479,2.237504309
6.795250442,0.73359238,4.284913761,14.51769082
7.638914672,2.92980131,3.632851205,1.892693171
8.267961276,5.80929671,3.981416303,10.90983282
8.995226297,14.92338785,0.221772608,1.741250476
6.584899616,12.27602309,0.185646669,11.32472404
7.891032196,2.402626879,2.841125685,4.105606714
5.872482557,7.046388491,41.21321767,23.19322748
7.929283923,2.133793012,1.731571572,5.695596541
9.895852609,7.697781277,7.132880819,8.288722366
9.238053437,30.05563418,14.28540435,6.823575337
9.691668932,0.187132173,0.543438651,0.70404692
5.869582002,13.1899204,6.408289091,9.122903424
8.176451321,1.124627264,3.00545534,7.554613379
6.394421119,7.981249428,10.26314052,7.073896033
9.620375605,0.195058311,2.025175921,11.29291614
9.518208689,4.618979449,1.288888517,6.731790347
5.788300658,6.340846706,0.789603731,1.465543305
5.152072913,3.126269945,21.96355203,18.65847516
6.633050592,8.313331413,4.148407885,2.684760338
5.024066803,1.949943823,4.23982232,3.896823587
7.297758034,2.024398173,1.97835508,3.122374727
6.648131336,2.276399802,0.950105248,2.195428169
7.805961817,5.119949003,6.953442508,20.41539096
7.403857297,5.97881919,10.39910397,10.14816073
5.765276775,14.45741441,0.403945795,6.075305223
8.034420377,4.02737755,0.813009055,4.692841321
5.870377827,2.707750838,7.111132492,12.97360901
7.291712811,2.163397524,14.21337771,4.594113453
7.30708583,5.698670124,3.306193797,1.349096318
5.277566621,0.759533431,64.18140727,7.01590716
9.431505856,1.531701842,6.868343497,6.027125733
9.080363312,4.713946216,8.983893528,3.981749029
9.069507991,1.138135086,9.370763757,3.575277129
6.215093042,9.716771502,13.29570983,11.42159069
7.985257167,0.931903044,2.468039883,12.62235896
9.682676967,4.095608112,3.303966972,5.790938073
7.700570762,15.22907466,3.605424177,4.647641608
6.895518296,4.297594333,5.622447643,7.171546954
6.615186039,3.238758075,5.816082278,23.30464119
8.840724186,9.956959843,3.243289746,4.8186668
7.102425728,1.763823372,0.697283122,1.764333358
6.443394386,1.825622157,0.270484032,0.285818949
9.645246499,3.966547037,2.753236119,2.181731203
6.976266306,1.204896859,2.225827328,6.68013321
7.191490147,4.902863433,2.296796966,5.913939317
9.210466264,19.36700729,1.319139938,20.13775607
6.53836483,1.964534088,4.112675046,5.268918446
8.455779683,4.796250641,12.03318482,3.524547568
8.578222511,18.91480718,4.136159385,11.54197882
8.138369325,1.245460835,10.99247957,2.12776977
8.947126772,34.43250159,0.880114352,4.960916634
8.978758175,10.36774056,0.818961681,3.928767695
9.914351209,7.448385862,56.29850737,3.281647059
9.636618501,11.38818672,2.697568175,9.649084138
6.864611954,10.92677973,0.221027873,1.585615105
5.196899983,1.550607614,1.185083045,2.626925014
5.601869595,3.596851802,2.702344102,11.3333714
5.33288964,4.311250445,12.91104564,11.16101558
7.841329372,15.65317649,4.966347204,4.691125916
5.573729584,8.859814059,29.83764132,7.831101764
5.498477845,2.716260116,1.914268811,6.658398124
7.358688233,2.474274355,5.138128222,2.551165387
8.53970544,0.235473442,4.044224587,20.01800909
6.782033446,7.512158449,11.34521384,6.236145926
7.212390204,3.810170686,3.203366299,4.123853069
7.761074275,17.04468978,3.185206901,4.035741604
7.714961973,0.524535328,16.46650892,15.70471272
9.931929484,2.614923366,4.924582138,11.87690932
8.082076427,3.727332985,7.239068596,9.860820185
5.99634242,5.774049944,9.167872331,3.061181956
9.641945704,24.53996918,5.854100958,7.416424758
7.690874331,2.472733721,2.436674077,7.034712956
8.982650739,3.288408877,8.737224843,1.546046966
7.844358086,3.713019512,10.82337602,9.461201481
6.020516,0.722980419,4.99412837,20.38781583
5.206101276,27.2162303,16.90295487,9.33407767
9.570197738,1.530754648,0.404272691,1.686622317
8.99682204,10.75407496,5.270120272,1.587210866
9.06521798,2.141985666,2.481581746,4.444070416
7.063998933,4.646998079,0.420431729,10.19615829
9.87719922,6.401283756,3.265008905,6.651686379
6.320138448,8.247386692,1.956010195,4.009336425
6.225563575,12.3011532,4.781167791,7.001878384
9.719974402,4.329079969,5.065045198,8.062028253
5.753573626,10.06561757,12.60529027,3.617985722
5.389161103,0.198839221,14.0790817,11.76333536
6.81874733,2.604480923,0.345113096,5.205290243
6.048981743,1.739877871,0.437424296,6.467644867
7.896121545,6.795263323,0.77704833,9.266153082
9.525004149,3.309085504,0.194311785,11.57347072
7.161558234,3.371899725,7.536282992,9.735018692
9.076913665,2.924370459,10.77836436,9.228835119
6.777599698,3.59105628,4.839780057,10.05755964
7.387703986,14.09487963,4.081738025,16.27600811
7.630980308,8.174512164,19.06019097,7.149345792
6.578432331,8.588532023,2.496901667,11.55044964
9.537591846,7.784489816,19.71931453,16.19561065
6.113394419,1.71647082,12.347351,12.91883209
8.73492038,45.73903023,5.125099821,9.233504522
5.761107613,3.549311497,0.478120423,4.099494452
6.043429247,1.005796347,0.161149138,9.229749876
7.023984821,4.816446176,6.258452318,0.806775346
9.689076779,3.163606465,2.610336769,6.574210783
5.019525258,4.402037397,38.14616374,21.14909006
7.534813327,5.531941372,1.128737145,12.77473557
9.666918847,15.13667071,4.558089092,12.66432623
9.737526236,13.16639517,4.923581392,27.94562573
9.782753529,2.869455079,0.355953417,1.912554136
9.997278396,2.62964061,2.845482159,7.518787573
7.096075941,23.7385617,5.225323056,0.794988171
9.044898011,1.52856838,25.22782839,3.93417557
9.917982215,1.513720612,10.44858909,2.180794903
7.839912697,20.95114184,0.40407267,11.24310142
5.957819186,0.233442719,3.020712607,15.77891537
5.491009725,3.968299131,5.291820131,13.14459841
8.999503796,1.081737239,1.8135355,10.52913562
7.214166635,25.08196776,9.964463955,8.07759913
7.29796269,3.907752437,3.870891277,7.796916828
5.892865325,2.941017217,1.330074488,2.479793906
6.270105778,6.575486666,11.37440655,2.715601501
9.250686244,9.13709784,4.95107597,4.563149767
7.910281092,7.043648683,3.081415685,3.702451697
8.955001983,0.362799705,8.523283687,2.38916374
7.874998671,15.92697661,6.018214621,1.032583761
9.341753965,11.73700698,7.360206633,3.662137083
6.381113367,1.040143053,7.25523165,6.121961096
9.090523009,4.432406619,9.141553781,3.7039448
6.305136323,8.685103751,1.21716381,10.68298748
7.328570688,1.801527216,3.631569554,16.42140277
6.692039923,1.213247514,52.09376777,3.384843508
5.334006806,6.784068884,0.377180327,8.225433626
8.753167126,4.96885837,0.481494887,2.323113313
6.173557755,2.006265507,6.862167463,2.889311265
6.699684204,0.489209154,118.7579101,4.142450075
8.76126227,7.562357592,10.77942411,1.756244007
7.229312827,5.421537514,2.514719549,14.70571386
6.358661756,5.330701736,6.155258629,7.010742028
7.120211388,7.559141129,7.660000294,3.30974297
9.506216378,0.148546278,0.650684579,5.668284082
6.901509759,11.57820323,9.286357993,1.357748347
7.485552595,11.04482722,0.379792944,1.805309319
6.982731754,4.401506602,25.36245898,7.78062395
9.01175362,11.24691228,8.030835983,13.16303156
9.554990706,0.299600855,1.784722532,8.044860358
7.061952713,7.674919038,11.95972615,1.719318049
6.006823269,0.309051002,1.26270749,12.97511808
9.552734749,17.68457206,4.250099906,13.26379053
6.412378328,3.583392212,8.829670997,8.214250051
5.420204222,2.476774721,3.736221367,10.10770516
5.725946629,0.366133097,1.772035139,9.089701816
8.837022446,12.42187815,2.872457371,1.390105205
7.611041203,4.522456639,6.165431758,12.09171347
8.004564318,6.086161718,10.44022351,6.444167752
7.523290721,1.192835483,0.676562507,2.083421264
6.644581497,3.763942909,1.164131507,3.835513259
5.836948244,6.75774634,0.617396211,9.392634621
5.679109585,6.664079431,19.58187087,5.678989464
6.364264625,1.985328642,15.50742934,2.805112528
9.122187309,2.662111144,105.3958321,3.830008882
6.495587025,2.623366539,0.019155583,17.06938869
9.66362308,1.81314283,2.420641008,3.10589302
7.578419404,6.203940003,11.40492616,8.937730715
7.526458398,9.857962476,7.374241866,23.10805909
7.617922112,5.380485972,4.026787384,12.74326488
5.009990903,0.443380984,4.447943619,7.979684777
9.043765942,5.31274352,14.92596013,16.76319633
9.000523134,1.805044403,6.759006272,7.026414244
7.585831024,4.040765158,29.52535125,3.276157414
7.704048555,8.897332163,6.691301708,6.473061565
7.040173111,2.888778196,8.840995329,7.48128558
9.734079352,0.770533221,1.748250765,1.692210881
6.46499973,10.92457383,11.10518546,3.47684335
6.002469577,2.617591276,14.61274614,15.04131968
8.107568411,2.214134911,6.288127256,11.97087039
8.061253721,4.630439601,7.125419987,3.217992378
6.737723857,16.55846194,49.75251688,12.92947831
6.403478608,15.27558541,0.542436048,2.530890357
6.267170942,9.419543679,1.727459151,8.866722969
8.366022144,4.368783796,18.53811542,1.778695271
9.411668649,4.321137807,0.069483561,13.41614821
9.421229261,1.443490357,55.3200276,3.162144507
7.104147182,14.82538239,13.21072939,3.790269767
5.297559297,2.84650845,18.51723175,38.65908022
9.660786621,0.345757598,2.757956872,4.810066953
9.060155195,0.571037296,3.444502669,11.00443421
7.300017343,0.5256448,2.543206014,17.64012424
5.218545213,2.889107276,3.78271564,2.378827223
6.553667997,0.584272938,14.31141094,6.694076875
9.387000387,0.279557982,3.627388881,26.29419983
6.150047589,1.074954932,1.040152869,5.401969922
9.131626773,14.64339414,4.167473522,12.8090174
6.875248914,2.472877274,2.589298538,6.847122702
7.541195926,7.243601972,0.318871329,1.732672244
6.238012414,8.113808673,10.40371404,10.72293473
8.269027042,4.131778854,0.686478633,17.80894425
8.423001315,3.828094526,5.420628377,3.794211768
7.019846739,5.85938607,1.204745882,3.342047943
6.417169834,2.978487274,2.123967023,12.07531025
8.595827093,2.850146775,12.55266887,25.56975608
6.277282629,8.688212596,3.021443459,9.020104015
7.492042642,1.838336685,41.15486951,15.82701808
6.004689696,10.50871674,1.590338641,5.941899552
7.991219903,20.82896255,0.737247311,10.24600583
6.388178544,15.63014054,5.280319578,34.6365961
7.748103125,0.199889237,2.161042489,7.757089325
5.973195441,6.009939707,1.666272885,5.175496703
9.751604482,3.392788778,1.528907978,9.90855668
9.629529054,1.375607402,4.23411949,4.285351072
5.504784757,7.972779256,1.431808701,2.756859156
9.244934214,13.92067199,3.240338385,14.77233537
8.682181626,18.44727605,25.14194322,4.165288652
7.582531878,13.07632112,6.111617254,34.55760494
8.074770138,6.223948369,3.289180314,10.6898698
8.115914649,9.405361849,27.95917586,6.718834995
8.950407582,41.84108969,1.231218457,1.346035283
5.104806259,11.34912501,1.037434867,5.123715622
7.563112009,24.60187559,0.50678943,4.133157196
9.14929564,26.84099932,0.7707252,2.246035464
5.795532684,0.509370395,39.50900688,8.904786675
7.41790133,0.0635968,3.032817502,1.607402873
7.599304188,0.103986397,1.275504418,4.624558624
8.035633512,1.383910887,6.139528014,9.056435162
9.693286176,0.443116758,5.143920708,7.036332299
9.631108915,21.32266163,9.52978736,8.653192992
7.072575921,6.886503308,4.564118408,6.350230467
5.009546237,1.850491412,1.829919743,2.350376527
9.088614048,23.37918928,6.048796135,3.030963547
6.794564607,1.854369686,19.24111607,5.45440596
6.276910638,3.748182143,1.742155817,23.87857877
9.852590383,8.025186327,5.766897975,2.44347655
8.309202562,1.038255034,0.691030939,8.037331295
7.927894865,2.694611204,0.396694308,13.75074101
5.793420443,10.65179251,4.596977711,7.157605874
7.934779653,0.782402896,11.09381933,3.364747122
7.3610078,2.27250786,5.577008137,4.237531179
5.083058041,4.123788815,1.42722497,15.39130973
7.236040131,5.482591616,0.509732154,3.720565155
5.249637238,7.405451019,0.063780645,13.15095118
5.817688558,6.681483781,12.21821432,3.968984443
7.162103039,0.448981425,3.618752775,11.85625925
5.389446115,1.294534151,5.315845719,2.283661955
7.774775981,28.41385545,7.667491195,2.32416771
9.0466542,0.758925056,1.963618021,1.409496227
5.981170931,0.343593143,7.256249683,4.760118326
7.005648988,9.106717024,14.83689936,5.89895714
6.520084836,1.977516124,1.751537567,4.30978857
8.137895728,0.465736188,6.088415018,8.409641038
7.781002286,5.487598581,12.81514867,1.82456968
5.130361425,10.08369459,54.8216191,7.478375713
8.801501696,5.611761484,6.022068207,6.696934788
8.920666392,1.360282679,0.608833155,10.86349424
8.161620673,0.932562623,4.461263232,3.606450924
9.914310552,7.752452041,3.699393653,8.431781458
5.234831501,11.01195577,45.41455163,17.05962704
8.405614914,0.06363369,13.51078774,6.82282979
7.430722358,6.118074952,0.637337287,6.037136216
5.556659177,2.847683583,9.914404698,5.958272857
5.499994207,5.325581859,3.567782446,2.455957763
6.029102057,21.39963737,2.846680736,4.147100908
5.556455222,8.626590421,0.471044764,2.99712882
6.832385733,3.604511892,4.712100963,7.982671076
7.713245746,5.163325264,0.219700243,6.759312758
7.487542461,9.749591762,5.905285412,6.352663527
8.666699738,1.520641743,5.093677066,12.38990786
8.753488223,6.859689632,1.739273754,2.375067737
9.667894361,51.58309818,49.172401,10.15583907
8.654273372,1.48047198,8.102800609,5.237465185
5.638122643,5.374795339,4.662169252,1.991890678
6.252357847,21.24238952,7.963234432,5.838339213
8.257487657,2.519187404,0.86052697,3.893329112
8.324670399,21.00494661,0.900818337,5.342697487
7.972794485,11.00423298,1.964688248,13.51377971
6.656822268,9.415753181,0.095210459,7.068606552
8.197361096,5.53730874,0.192112291,3.735994899
6.204811765,2.707396425,0.031528432,5.177771982
5.071792394,13.22804988,2.979988283,11.27133575
5.32321197,11.31466401,13.46597914,18.03615505
7.185372687,14.44468479,20.18418105,3.905905548
5.494597897,12.25052378,8.292949261,9.428894418
6.099196287,20.61463691,0.483412585,5.477228984
9.166777955,11.68462245,11.99099791,5.459774634
9.866655537,9.619159781,4.999513537,4.800124252
5.314915331,4.428667135,5.76070114,1.957927975
9.526916004,4.367639625,2.606235755,5.273024141
7.831330676,4.022758177,4.00143808,2.910478593
5.996877902,5.26955216,0.680452561,3.206505478
8.409432615,25.19304994,3.783682934,35.094913
5.783522275,9.078155174,1.563992771,3.702419597
5.767316981,1.699109317,0.598082127,2.369750845
7.433724011,3.794864601,10.69538706,9.724499055
7.584030391,11.17137977,7.890194717,4.029791896
7.203554514,0.196460478,3.042097366,12.40737926
5.281484701,13.3445783,3.177329184,16.86502541
6.802249872,7.576725896,8.211253223,16.42781847
9.065610364,11.64536735,19.80109298,1.702287604
9.148220124,5.004554146,7.250641959,0.167913451
5.139161569,2.068922687,3.849538546,15.99101937
8.815672821,1.588138929,1.890752836,13.84502724
5.437360831,1.377372821,14.7607173,7.399286091
8.929199889,10.91863485,1.152922791,10.70404251
9.908010842,42.18006481,2.423814705,13.2855398
9.998045157,1.882954651,4.403210735,7.802054926
5.518909162,3.351674283,2.043905989,3.653443985
8.850908398,0.875805471,0.120913189,5.211846276
7.609539627,12.17970261,4.61574402,1.154960374
7.05634104,14.75464512,5.645396429,2.599888801
9.777326718,7.345898801,17.27195517,3.733555658
7.792377351,2.799943306,0.279639644,8.805180384
6.499242834,5.244576392,7.101095554,1.414780388
6.297031332,9.288490198,4.975395141,7.948766045
5.267620381,0.316806829,2.361088533,5.938732379
5.479409326,7.430439497,2.939177167,2.194207549
7.940517811,8.298097433,3.222947798,3.253546124
6.320169168,4.508068195,2.539232122,5.474560866
7.58301264,1.359867835,3.131240304,1.091428822
7.295900201,5.756198106,6.071723943,7.373491003
9.726083753,4.133224765,16.5984689,5.812751355
9.756176404,9.49101879,10.60523375,10.08822036
6.661823114,2.59406792,2.569426212,7.531851637
9.894197549,4.485837385,2.916370931,5.080619318
6.285513817,7.528469707,1.914700042,20.01122209
5.765115654,14.0223553,5.625986323,12.71467358
8.541191989,0.47452581,12.44057858,4.965198407
5.648542141,3.74627453,19.30098553,10.79786018
6.618840594,5.254522027,0.741038927,4.135366397
8.057328343,1.229384191,1.946094626,5.201614832
8.214588126,0.98328065,5.320490795,1.864264006
6.112777403,3.733428116,0.984472289,1.976761729
9.211435895,7.683913056,2.148344507,7.543912151
7.332809479,1.659524568,4.58335082,13.70412803
6.202376289,13.08088817,0.240432933,3.5332079
9.114754403,4.360978188,23.61438199,5.767663615
8.015400067,11.02693145,5.102947605,19.33213134
6.706504254,4.845370047,8.902738694,4.235366186
6.667694523,3.433199316,2.034233136,13.10044139
7.660248794,7.067582618,5.223404764,0.589209353
6.559427209,2.101711022,1.019814572,5.841781787
5.885283091,2.336740608,17.02550201,5.781637632
9.486830899,1.461461095,0.043748991,11.74628064
5.652785794,2.020310721,7.49333536,5.156708761
7.148050277,7.876961671,0.830771335,11.15378065
5.824563416,0.606315165,1.402811279,6.86818139
5.496606492,1.299179207,37.32236146,6.885106352
6.66498214,0.730422805,2.180654702,9.999472
9.545592088,8.759253585,0.826436968,7.30829357
7.386649675,1.633690256,1.681930449,7.277610729
5.798516357,18.166469,51.55763655,8.243401203
9.375699841,0.645564848,27.24905064,7.173719774
8.265059155,1.884836538,4.540556976,7.819170072
7.639902999,0.719461168,0.983982735,5.245447513
5.310322858,1.265664277,21.5113284,3.278960746
6.617288317,9.944713235,16.28748689,2.86055249
9.02833025,49.82010758,2.568097765,4.321147061
5.23466484,4.32754199,10.33373351,7.145220274
5.340647967,1.727090662,22.41492862,1.278046449
8.856671031,3.65844222,7.93738369,10.20370001
5.087629673,1.533556282,3.647879509,5.865291003
6.014275571,1.038005584,1.004984587,0.480866113
5.628174199,0.302230108,0.060418008,8.353460588
5.277478347,9.005865853,4.143956195,9.39861768
9.726714861,16.82100552,6.209956451,7.265797157
7.490182567,1.835394809,18.65991029,0.301638673
7.479579798,5.136160699,0.904445856,6.502907973
5.783596666,1.215328741,3.35358191,4.025015828
8.660863693,3.162218734,0.842482195,3.773911147
8.296964979,1.192975075,75.6093931,8.289015718
9.662249173,4.785906424,0.080021729,12.15084572
5.720931672,26.7863488,1.908410883,4.032832789
6.399496571,0.582965748,2.828326462,3.479243505
8.559235305,1.390073497,5.908491805,17.7277949
7.807430824,29.50605491,1.717180094,2.116757567
9.394862229,7.453376061,1.701658923,1.915906362
7.318224425,0.691122592,0.244013039,4.466916363
5.761289861,1.967901301,5.737112369,1.320815846
7.801206011,6.776481509,0.409984871,15.95117271
5.82827426,2.142939328,1.482451114,5.049518969
9.561740482,0.347524099,3.400549218,7.806829961
6.462467334,7.171717498,2.005150232,3.80910092
9.46694114,12.75971985,0.527757532,5.461183743
6.905681045,0.368571569,0.881296869,3.832205652
5.702200715,0.409834779,1.195375223,5.313568215
7.858318738,3.648334961,1.992217854,4.475108962
7.285643419,2.681013293,6.788602024,11.46874479
6.889404978,5.201439997,0.877786887,9.553050634
8.248050885,2.672619251,1.195208836,5.835854376
5.786651863,4.798502719,1.096239201,16.28197481
9.376690897,7.594080742,0.452610979,3.61671071
5.908833054,13.40445927,8.633937105,10.14754372
8.139977486,0.437096142,7.425274755,3.104708532
5.83556626,0.329351446,3.49962184,2.763666284
5.809825827,1.171287735,2.795349986,9.648580786
6.635198758,15.81419505,6.431439242,4.472973093
5.475619859,4.958613425,2.890840891,10.54142096
9.821478717,9.219865559,1.46772581,6.053255066
8.600879694,13.86209568,1.131884781,7.129366518
9.085231691,7.897182361,10.34983761,8.409384341
5.093769383,2.297290381,17.40601013,5.570995676
9.318975198,0.488565278,3.143511524,7.246044648
6.950241897,0.939717985,14.84279983,3.958304924
9.486962567,0.554357409,0.365947104,2.956980657
7.188824639,3.773708729,14.30824556,2.923194714
8.712906399,0.781563169,33.56840067,18.65758939
8.138201535,8.769511395,34.35989638,5.034841743
8.19700615,0.404158412,35.75634786,7.15026344
9.975155963,1.631051755,2.443515305,4.064427147
5.559583894,0.710580259,0.324262269,0.680593416
8.529643622,5.92720707,7.734074545,3.634476061
5.709536581,6.655357189,1.958617288,3.595459961
6.386028667,1.834206418,5.349361483,18.12092396
9.78063329,4.601146753,69.22958278,7.733928535
6.56936895,1.174423967,17.67397455,6.514297815
7.889577632,7.941635586,0.637787931,4.36800484
8.735116291,0.429731804,0.726244228,10.85634089
8.066523782,20.49574478,2.405607986,29.28354017
5.587983636,5.235361333,2.032229967,12.42710185
7.236658002,4.146304652,38.36070015,8.494134947
7.554915487,14.28007965,5.29524132,14.11658511
7.930120884,4.556242757,1.938236264,10.87433364
7.790109969,2.945407948,2.421068855,7.400835113
7.904520704,1.683438348,4.326918398,4.880866586
5.620893502,0.082309776,25.94846883,7.067143828
5.377213686,43.71749401,3.190966806,15.308224
6.658768043,0.808698479,12.90429386,11.12524454
7.708075187,5.680749621,18.08167557,6.613471114
9.015863411,1.584650522,4.691763391,4.250200432
9.527529943,12.37246902,7.148713336,3.158290304
9.375286452,9.00737049,26.94436945,5.394122922
7.772120148,15.93694381,9.48549502,7.157281919
5.263750317,10.53515108,3.441875346,4.981980791
7.79593451,7.692301216,4.504807683,25.30710078
7.301513225,3.521790257,3.014370115,4.25237859
6.546748062,6.124267339,33.12813455,7.438436075
5.224187279,3.749333488,2.443039321,8.348121493
7.949885079,6.242118442,2.759986712,1.316458337
9.825628201,2.907519372,2.733838643,23.92164412
8.222861341,2.001129605,8.216090106,12.91232701
8.391736609,0.72470975,1.552634417,11.4457253
5.25553428,3.031147139,0.163986338,5.82627475
7.610296695,7.576028711,6.284366826,17.04268644
8.376009101,12.73314255,6.136348854,2.855350454
6.185139893,1.547516128,1.152595877,0.99718541
8.099649364,4.10788794,1.153240893,2.282708123
5.08242067,7.537454877,4.29115082,7.112591268
8.522525395,5.659361616,6.644264831,4.075966515
7.676136371,0.728235483,1.421858923,9.299490267
9.771162338,4.648541023,3.170461091,3.36566868
7.939312529,3.469422265,14.54772926,4.606306507
6.57561298,0.828675249,0.608361261,5.450226639
9.154020185,4.177537236,0.255625065,15.45386257
6.693413821,3.109985302,5.172633963,8.434678187
9.087170876,11.06814986,4.282980769,11.414157
8.350000876,2.892396853,7.051931297,1.630758038
9.105459175,5.334052419,33.57155306,0.728126587
7.938025545,0.131019029,2.384195598,7.031565945
6.786873618,3.853352505,8.527207521,8.84774602
7.641792936,10.98281726,1.703874536,1.567435885
9.319175816,1.112900897,4.013632868,0.769336864
9.723067158,7.788600637,35.2385718,1.324225292
6.122321795,15.97540351,11.69163601,2.436711859
6.049191783,20.66971329,2.629446779,4.012571829
5.980241598,32.67299715,0.469107348,12.25339816
8.198125502,5.598136256,1.583716458,6.96128429
9.010331487,11.11692594,0.000779039,5.072627877
9.264840662,5.134763149,21.29674936,19.94924226
6.991383,0.706299027,0.259534262,5.844478417
8.162745525,0.501395833,0.274480461,6.289872406
9.686566474,5.557952665,1.464471337,7.868563908
9.000756652,7.427795244,5.254818943,6.124701837
7.117419829,2.041323745,1.066130765,3.205250573
9.495634113,0.652454331,1.32700761,1.239189074
6.975634613,11.99694905,2.135645897,3.611320302
6.991492174,0.169805423,0.185237823,4.27122946
6.787413634,0.436471329,1.023928117,5.233640992
6.082029092,11.33399025,9.939650063,2.438298072
6.900622912,4.304480815,10.28688168,34.70460732
9.117484604,6.057558019,33.33296212,0.69071572
8.879487199,3.228634489,0.936025606,0.511752202
5.530447865,1.684783447,23.10096013,1.803991436
6.886733237,2.613895776,36.40935468,2.945819713
5.119037422,10.06607146,30.29604527,0.347032162
6.109643237,0.9585063,3.988447969,3.235762323
5.507978658,2.376633604,69.23726777,5.02042565
6.342733909,10.45751353,3.202587014,10.74792107
6.967597599,4.163242911,1.063384955,6.107598528
5.041249938,6.117606775,1.584441833,15.38035611
6.366263844,28.25182115,6.083442965,10.0517305
9.037233468,4.883002924,7.148388134,4.401646812
9.80753856,4.087497637,12.77531126,3.37530564
7.054448976,4.31016958,17.33952002,12.86292217
9.915048001,3.95845913,6.400674966,4.911804634
8.202565698,0.725583292,2.786965833,8.593041235
8.482108783,8.246613941,12.67965896,6.210356336
7.467555651,1.33445024,7.432805164,7.454863897
7.247827093,3.27975748,60.28989055,10.43853445
9.225516078,0.129512978,5.205886697,11.23466404
5.415545884,9.060897393,2.002209877,2.735004281
8.178770981,1.437658677,24.64386233,5.388411736
6.842935093,3.695649709,3.125368499,5.720770075
8.380704051,18.06016783,6.669561509,1.526946973
5.867419774,16.13877981,55.9037214,2.829603529
9.485212019,10.19737236,5.36746975,3.93032967
8.07933496,1.55098336,7.450217532,4.888875101
7.536262831,3.672347424,4.615396353,5.368060131
7.635880354,10.39248951,8.534789932,8.013472219
6.73597399,10.51031951,3.034359763,9.639939764
6.08251624,6.253587885,14.5404578,2.840157087
9.40021058,1.210269351,4.919922659,8.66476489
9.964403531,13.87778872,0.83336667,14.21983481
8.387027085,14.27240124,12.04698612,10.99618474
8.192689815,7.706506124,1.558718229,5.471606133
8.290438397,2.833126968,0.509698759,38.74669499
5.842850479,17.49223642,3.566066136,10.03374768
5.497409541,1.938812938,1.533807778,2.635636689
7.730885812,9.84566417,26.45336663,8.232556831
9.012895456,3.598608321,5.815685368,13.17833459
9.937202778,5.194352647,1.041551994,10.33247783
8.863295618,16.09967513,14.22439422,4.628741581
9.898434885,2.228280497,5.051523939,14.82951647
5.519800249,4.195906897,1.044158151,13.46559325
8.855860831,2.928801544,29.23677708,2.205059216
6.087396331,14.0113064,7.431775933,4.95639022
7.378611387,1.599445456,2.740557643,5.822985857
5.27616675,7.859563525,0.697645078,4.254799768
6.071489952,27.28807805,1.207343518,4.325406458
6.238156227,6.073166903,12.21951459,7.076854897
5.564559074,13.24463984,3.31593869,5.545907323
7.078572674,14.3363527,3.884499845,8.373892099
7.958824616,1.804117483,3.2598582,3.98600714
7.915164035,4.018120298,2.812469904,14.83226294
7.917260455,4.978629277,9.231090508,8.532171188
7.466675791,1.246069225,2.122430182,10.44888927
8.211621097,1.926198976,8.950840773,15.07809274
9.485291296,1.4851149,7.067612088,8.548819964
6.412726023,0.120254106,1.417430927,15.57012821
5.396322322,7.938976893,0.703588226,12.4568063
8.644387353,0.690412313,3.481010846,1.799181796
9.180415884,7.44342025,2.418807568,3.268866355
7.392234086,2.938815951,24.51541934,16.13355903
8.411479289,7.032080212,0.695673387,4.580550691
6.628016376,4.705814242,1.675039213,2.52453216
6.317647509,4.185325845,1.84599587,5.426479739
5.677947902,23.1912729,2.122832904,9.043901541
7.211042563,0.579693037,2.086648686,1.973989134
6.712747236,2.666745354,3.669418362,6.67071505
9.746445408,22.57634228,4.651351561,5.352399934
9.166068449,12.54203081,0.806672659,4.007673668
6.465869104,13.9633101,4.085475439,9.168681159
8.427996046,2.354127524,1.100750446,8.808732834
9.623062111,1.868990814,11.7567258,6.883300886
7.317903843,10.10984811,2.380580372,20.26042239
8.739357232,3.824038068,3.530491748,10.22059435
5.301453608,4.86845138,0.68725166,21.88553979
7.215514265,4.642028661,18.12369154,12.57883777
7.789902237,1.84887449,1.080136362,9.111891629
9.019516761,1.106179242,1.896751668,1.423405971
5.108734938,9.171287454,1.190517908,0.857148046
5.693982376,6.218150446,0.489363312,19.3036031
7.414048813,0.849375381,8.231159241,4.389899513
7.971964047,10.73878209,1.050388148,2.044550998
6.855501621,4.151143962,10.31398943,12.91774716
7.883408938,0.13798606,4.152765246,6.412106339
8.479651894,2.036579402,0.397879318,9.069978614
5.326440186,6.184568274,3.380103161,4.891093306